Last Name,amount,percent Frequency,Rank,rand
SMITH,"2,501,922",1.006,1,877
JOHNSON,"2,014,470",0.81,2,349
WILLIAMS,"1,738,413",0.699,3,53
JONES,"1,544,427",0.621,4,639
BROWN,"1,544,427",0.621,5,639
DAVIS,"1,193,760",0.48,6,32
MILLER,"1,054,488",0.424,7,745
WILSON,"843,093",0.339,8,483
MOORE,"775,944",0.312,9,729
TAYLOR,"773,457",0.311,10,827
ANDERSON,"773,457",0.311,11,315
THOMAS,"773,457",0.311,12,38
JACKSON,"770,970",0.31,13,547
WHITE,"693,873",0.279,14,152
HARRIS,"683,925",0.275,15,474
MARTIN,"678,951",0.273,16,432
THOMPSON,"669,003",0.269,17,973
GARCIA,"631,698",0.254,18,583
MARTINEZ,"581,958",0.234,19,836
ROBINSON,"579,471",0.233,20,480
CLARK,"574,497",0.231,21,704
RODRIGUEZ,"569,523",0.229,22,337
LEWIS,"562,062",0.226,23,560
LEE,"547,140",0.22,24,321
WALKER,"544,653",0.219,25,53
HALL,"497,400",0.2,26,793
ALLEN,"494,913",0.199,27,33
YOUNG,"479,991",0.193,28,177
HERNANDEZ,"477,504",0.192,29,980
KING,"472,530",0.19,30,179
WRIGHT,"470,043",0.189,31,345
LOPEZ,"465,069",0.187,32,830
HILL,"465,069",0.187,33,570
SCOTT,"460,095",0.185,34,133
GREEN,"455,121",0.183,35,822
ADAMS,"432,738",0.174,36,11
BAKER,"425,277",0.171,37,236
GONZALEZ,"412,842",0.166,38,814
NELSON,"402,894",0.162,39,274
CARTER,"402,894",0.162,40,879
MITCHELL,"397,920",0.16,41,968
PEREZ,"385,485",0.155,42,511
ROBERTS,"380,511",0.153,43,648
TURNER,"378,024",0.152,44,674
PHILLIPS,"370,563",0.149,45,351
CAMPBELL,"370,563",0.149,46,409
PARKER,"363,102",0.146,47,769
EVANS,"350,667",0.141,48,616
EDWARDS,"340,719",0.137,49,779
COLLINS,"333,258",0.134,50,973
STEWART,"330,771",0.133,51,894
SANCHEZ,"323,310",0.13,52,611
MORRIS,"310,875",0.125,53,577
ROGERS,"305,901",0.123,54,440
REED,"303,414",0.122,55,663
COOK,"298,440",0.12,56,477
MORGAN,"293,466",0.118,57,914
BELL,"290,979",0.117,58,997
MURPHY,"290,979",0.117,59,165
BAILEY,"286,005",0.115,60,915
RIVERA,"281,031",0.113,61,363
COOPER,"281,031",0.113,62,654
RICHARDSON,"278,544",0.112,63,89
COX,"273,570",0.11,64,440
HOWARD,"273,570",0.11,65,507
WARD,"268,596",0.108,66,553
TORRES,"268,596",0.108,67,849
PETERSON,"266,109",0.107,68,465
GRAY,"263,622",0.106,69,474
RAMIREZ,"261,135",0.105,70,610
JAMES,"261,135",0.105,71,131
WATSON,"256,161",0.103,72,947
BROOKS,"256,161",0.103,73,829
KELLY,"253,674",0.102,74,13
SANDERS,"248,700",0.1,75,117
PRICE,"246,213",0.099,76,252
BENNETT,"246,213",0.099,77,415
WOOD,"243,726",0.098,78,793
BARNES,"241,239",0.097,79,122
ROSS,"238,752",0.096,80,986
HENDERSON,"236,265",0.095,81,362
COLEMAN,"236,265",0.095,82,86
JENKINS,"236,265",0.095,83,710
PERRY,"233,778",0.094,84,719
POWELL,"231,291",0.093,85,933
LONG,"228,804",0.092,86,254
PATTERSON,"228,804",0.092,87,669
HUGHES,"228,804",0.092,88,686
FLORES,"228,804",0.092,89,737
WASHINGTON,"228,804",0.092,90,799
BUTLER,"226,317",0.091,91,61
SIMMONS,"226,317",0.091,92,918
FOSTER,"226,317",0.091,93,598
GONZALES,"216,369",0.087,94,563
BRYANT,"216,369",0.087,95,431
ALEXANDER,"211,395",0.085,96,688
RUSSELL,"211,395",0.085,97,868
GRIFFIN,"208,908",0.084,98,239
DIAZ,"208,908",0.084,99,699
HAYES,"206,421",0.083,100,840
MYERS,"206,421",0.083,101,757
FORD,"203,934",0.082,102,9
HAMILTON,"203,934",0.082,103,998
GRAHAM,"203,934",0.082,104,271
SULLIVAN,"201,447",0.081,105,172
WALLACE,"201,447",0.081,106,777
WOODS,"198,960",0.08,107,27
COLE,"198,960",0.08,108,361
WEST,"198,960",0.08,109,270
JORDAN,"193,986",0.078,110,829
OWENS,"193,986",0.078,111,618
REYNOLDS,"193,986",0.078,112,603
FISHER,"191,499",0.077,113,497
ELLIS,"191,499",0.077,114,562
HARRISON,"189,012",0.076,115,196
GIBSON,"186,525",0.075,116,732
MCDONALD,"186,525",0.075,117,377
CRUZ,"186,525",0.075,118,778
MARSHALL,"186,525",0.075,119,74
ORTIZ,"186,525",0.075,120,50
GOMEZ,"186,525",0.075,121,374
MURRAY,"184,038",0.074,122,834
FREEMAN,"184,038",0.074,123,644
WELLS,"181,551",0.073,124,682
WEBB,"179,064",0.072,125,268
SIMPSON,"174,090",0.07,126,549
STEVENS,"174,090",0.07,127,275
TUCKER,"174,090",0.07,128,36
PORTER,"171,603",0.069,129,852
HUNTER,"171,603",0.069,130,255
HICKS,"171,603",0.069,131,717
CRAWFORD,"169,116",0.068,132,960
HENRY,"169,116",0.068,133,970
BOYD,"169,116",0.068,134,608
MASON,"169,116",0.068,135,497
MORALES,"166,629",0.067,136,187
KENNEDY,"166,629",0.067,137,757
WARREN,"166,629",0.067,138,208
DIXON,"164,142",0.066,139,307
RAMOS,"164,142",0.066,140,7
REYES,"164,142",0.066,141,240
BURNS,"161,655",0.065,142,164
GORDON,"161,655",0.065,143,892
SHAW,"161,655",0.065,144,146
HOLMES,"161,655",0.065,145,823
RICE,"159,168",0.064,146,484
ROBERTSON,"159,168",0.064,147,29
HUNT,"156,681",0.063,148,456
BLACK,"156,681",0.063,149,247
DANIELS,"154,194",0.062,150,721
PALMER,"154,194",0.062,151,432
MILLS,"151,707",0.061,152,987
NICHOLS,"149,220",0.06,153,804
GRANT,"149,220",0.06,154,892
KNIGHT,"149,220",0.06,155,880
FERGUSON,"146,733",0.059,156,808
ROSE,"146,733",0.059,157,995
STONE,"146,733",0.059,158,175
HAWKINS,"146,733",0.059,159,531
DUNN,"144,246",0.058,160,126
PERKINS,"144,246",0.058,161,996
HUDSON,"144,246",0.058,162,484
SPENCER,"141,759",0.057,163,895
GARDNER,"141,759",0.057,164,600
STEPHENS,"141,759",0.057,165,732
PAYNE,"141,759",0.057,166,528
PIERCE,"139,272",0.056,167,321
BERRY,"139,272",0.056,168,263
MATTHEWS,"139,272",0.056,169,713
ARNOLD,"139,272",0.056,170,797
WAGNER,"136,785",0.055,171,621
WILLIS,"136,785",0.055,172,211
RAY,"136,785",0.055,173,727
WATKINS,"136,785",0.055,174,707
OLSON,"136,785",0.055,175,112
CARROLL,"136,785",0.055,176,246
DUNCAN,"136,785",0.055,177,541
SNYDER,"136,785",0.055,178,980
HART,"134,298",0.054,179,656
CUNNINGHAM,"134,298",0.054,180,446
BRADLEY,"134,298",0.054,181,924
LANE,"134,298",0.054,182,785
ANDREWS,"134,298",0.054,183,511
RUIZ,"134,298",0.054,184,554
HARPER,"134,298",0.054,185,307
FOX,"131,811",0.053,186,171
RILEY,"131,811",0.053,187,904
ARMSTRONG,"131,811",0.053,188,67
CARPENTER,"131,811",0.053,189,374
WEAVER,"131,811",0.053,190,104
GREENE,"131,811",0.053,191,548
LAWRENCE,"129,324",0.052,192,776
ELLIOTT,"129,324",0.052,193,812
CHAVEZ,"129,324",0.052,194,807
SIMS,"129,324",0.052,195,376
AUSTIN,"129,324",0.052,196,115
PETERS,"129,324",0.052,197,656
KELLEY,"129,324",0.052,198,691
FRANKLIN,"126,837",0.051,199,438
LAWSON,"126,837",0.051,200,405
FIELDS,"126,837",0.051,201,915
GUTIERREZ,"126,837",0.051,202,25
RYAN,"126,837",0.051,203,457
SCHMIDT,"126,837",0.051,204,907
CARR,"126,837",0.051,205,584
VASQUEZ,"126,837",0.051,206,37
CASTILLO,"126,837",0.051,207,841
WHEELER,"126,837",0.051,208,613
CHAPMAN,"124,350",0.05,209,917
OLIVER,"124,350",0.05,210,517
MONTGOMERY,"121,863",0.049,211,317
RICHARDS,"121,863",0.049,212,406
WILLIAMSON,"121,863",0.049,213,945
JOHNSTON,"121,863",0.049,214,449
BANKS,"119,376",0.048,215,394
MEYER,"119,376",0.048,216,852
BISHOP,"119,376",0.048,217,764
MCCOY,"119,376",0.048,218,820
HOWELL,"119,376",0.048,219,531
ALVAREZ,"119,376",0.048,220,288
MORRISON,"119,376",0.048,221,232
HANSEN,"116,889",0.047,222,39
FERNANDEZ,"116,889",0.047,223,672
GARZA,"116,889",0.047,224,594
HARVEY,"116,889",0.047,225,661
LITTLE,"114,402",0.046,226,363
BURTON,"114,402",0.046,227,502
STANLEY,"114,402",0.046,228,324
NGUYEN,"114,402",0.046,229,279
GEORGE,"114,402",0.046,230,822
JACOBS,"114,402",0.046,231,940
REID,"114,402",0.046,232,135
KIM,"111,915",0.045,233,857
FULLER,"111,915",0.045,234,354
LYNCH,"111,915",0.045,235,528
DEAN,"111,915",0.045,236,453
GILBERT,"111,915",0.045,237,688
GARRETT,"111,915",0.045,238,889
ROMERO,"111,915",0.045,239,901
WELCH,"109,428",0.044,240,693
LARSON,"109,428",0.044,241,996
FRAZIER,"109,428",0.044,242,346
BURKE,"109,428",0.044,243,136
HANSON,"106,941",0.043,244,516
DAY,"106,941",0.043,245,244
MENDOZA,"106,941",0.043,246,338
MORENO,"106,941",0.043,247,650
BOWMAN,"106,941",0.043,248,260
MEDINA,"104,454",0.042,249,400
FOWLER,"104,454",0.042,250,980
BREWER,"104,454",0.042,251,384
HOFFMAN,"104,454",0.042,252,647
CARLSON,"104,454",0.042,253,141
SILVA,"104,454",0.042,254,371
PEARSON,"104,454",0.042,255,987
HOLLAND,"104,454",0.042,256,655
DOUGLAS,"101,967",0.041,257,423
FLEMING,"101,967",0.041,258,679
JENSEN,"101,967",0.041,259,338
VARGAS,"101,967",0.041,260,704
BYRD,"101,967",0.041,261,898
DAVIDSON,"101,967",0.041,262,599
HOPKINS,"101,967",0.041,263,65
MAY,"99,480",0.04,264,906
TERRY,"99,480",0.04,265,235
HERRERA,"99,480",0.04,266,694
WADE,"99,480",0.04,267,929
SOTO,"99,480",0.04,268,447
WALTERS,"99,480",0.04,269,459
CURTIS,"99,480",0.04,270,322
NEAL,"96,993",0.039,271,718
CALDWELL,"96,993",0.039,272,465
LOWE,"96,993",0.039,273,608
JENNINGS,"96,993",0.039,274,351
BARNETT,"96,993",0.039,275,283
GRAVES,"96,993",0.039,276,960
JIMENEZ,"96,993",0.039,277,70
HORTON,"96,993",0.039,278,515
SHELTON,"96,993",0.039,279,325
BARRETT,"96,993",0.039,280,530
OBRIEN,"96,993",0.039,281,303
CASTRO,"96,993",0.039,282,520
SUTTON,"94,506",0.038,283,399
GREGORY,"94,506",0.038,284,672
MCKINNEY,"94,506",0.038,285,532
LUCAS,"94,506",0.038,286,784
MILES,"94,506",0.038,287,875
CRAIG,"94,506",0.038,288,288
RODRIQUEZ,"92,019",0.037,289,942
CHAMBERS,"92,019",0.037,290,590
HOLT,"92,019",0.037,291,501
LAMBERT,"92,019",0.037,292,909
FLETCHER,"92,019",0.037,293,802
WATTS,"92,019",0.037,294,964
BATES,"92,019",0.037,295,691
HALE,"92,019",0.037,296,794
RHODES,"92,019",0.037,297,797
PENA,"92,019",0.037,298,825
BECK,"92,019",0.037,299,18
NEWMAN,"89,532",0.036,300,894
HAYNES,"89,532",0.036,301,225
MCDANIEL,"89,532",0.036,302,156
MENDEZ,"89,532",0.036,303,869
BUSH,"89,532",0.036,304,151
VAUGHN,"89,532",0.036,305,232
PARKS,"87,045",0.035,306,245
DAWSON,"87,045",0.035,307,238
SANTIAGO,"87,045",0.035,308,540
NORRIS,"87,045",0.035,309,559
HARDY,"87,045",0.035,310,470
LOVE,"87,045",0.035,311,177
STEELE,"87,045",0.035,312,857
CURRY,"87,045",0.035,313,123
POWERS,"87,045",0.035,314,660
SCHULTZ,"87,045",0.035,315,366
BARKER,"87,045",0.035,316,755
GUZMAN,"84,558",0.034,317,240
PAGE,"84,558",0.034,318,3
MUNOZ,"84,558",0.034,319,672
BALL,"84,558",0.034,320,94
KELLER,"84,558",0.034,321,199
CHANDLER,"84,558",0.034,322,397
WEBER,"84,558",0.034,323,868
LEONARD,"84,558",0.034,324,115
WALSH,"82,071",0.033,325,63
LYONS,"82,071",0.033,326,454
RAMSEY,"82,071",0.033,327,235
WOLFE,"82,071",0.033,328,997
SCHNEIDER,"82,071",0.033,329,906
MULLINS,"82,071",0.033,330,620
BENSON,"82,071",0.033,331,138
SHARP,"82,071",0.033,332,46
BOWEN,"82,071",0.033,333,982
DANIEL,"82,071",0.033,334,44
BARBER,"79,584",0.032,335,100
CUMMINGS,"79,584",0.032,336,845
HINES,"79,584",0.032,337,757
BALDWIN,"79,584",0.032,338,230
GRIFFITH,"79,584",0.032,339,332
VALDEZ,"79,584",0.032,340,953
HUBBARD,"79,584",0.032,341,375
SALAZAR,"79,584",0.032,342,115
REEVES,"79,584",0.032,343,297
WARNER,"77,097",0.031,344,562
STEVENSON,"77,097",0.031,345,319
BURGESS,"77,097",0.031,346,870
SANTOS,"77,097",0.031,347,566
TATE,"77,097",0.031,348,106
CROSS,"77,097",0.031,349,586
GARNER,"77,097",0.031,350,461
MANN,"77,097",0.031,351,391
MACK,"77,097",0.031,352,661
MOSS,"77,097",0.031,353,857
THORNTON,"77,097",0.031,354,529
DENNIS,"77,097",0.031,355,871
MCGEE,"77,097",0.031,356,955
FARMER,"74,610",0.03,357,686
DELGADO,"74,610",0.03,358,817
AGUILAR,"74,610",0.03,359,709
VEGA,"74,610",0.03,360,429
GLOVER,"74,610",0.03,361,392
MANNING,"74,610",0.03,362,233
COHEN,"74,610",0.03,363,728
HARMON,"74,610",0.03,364,448
RODGERS,"74,610",0.03,365,873
ROBBINS,"74,610",0.03,366,276
NEWTON,"74,610",0.03,367,310
TODD,"74,610",0.03,368,947
BLAIR,"74,610",0.03,369,594
HIGGINS,"74,610",0.03,370,772
INGRAM,"74,610",0.03,371,386
REESE,"74,610",0.03,372,173
CANNON,"74,610",0.03,373,885
STRICKLAND,"74,610",0.03,374,17
TOWNSEND,"74,610",0.03,375,7
POTTER,"74,610",0.03,376,13
GOODWIN,"74,610",0.03,377,358
WALTON,"74,610",0.03,378,832
ROWE,"72,123",0.029,379,562
HAMPTON,"72,123",0.029,380,296
ORTEGA,"72,123",0.029,381,386
PATTON,"72,123",0.029,382,552
SWANSON,"72,123",0.029,383,880
JOSEPH,"72,123",0.029,384,674
FRANCIS,"72,123",0.029,385,86
GOODMAN,"72,123",0.029,386,17
MALDONADO,"72,123",0.029,387,323
YATES,"72,123",0.029,388,422
BECKER,"72,123",0.029,389,789
ERICKSON,"72,123",0.029,390,482
HODGES,"72,123",0.029,391,498
RIOS,"72,123",0.029,392,124
CONNER,"72,123",0.029,393,725
ADKINS,"72,123",0.029,394,489
WEBSTER,"69,636",0.028,395,6
NORMAN,"69,636",0.028,396,960
MALONE,"69,636",0.028,397,112
HAMMOND,"69,636",0.028,398,687
FLOWERS,"69,636",0.028,399,526
COBB,"69,636",0.028,400,712
MOODY,"69,636",0.028,401,489
QUINN,"69,636",0.028,402,728
BLAKE,"69,636",0.028,403,20
MAXWELL,"69,636",0.028,404,265
POPE,"69,636",0.028,405,969
FLOYD,"67,149",0.027,406,792
OSBORNE,"67,149",0.027,407,901
PAUL,"67,149",0.027,408,33
MCCARTHY,"67,149",0.027,409,232
GUERRERO,"67,149",0.027,410,179
LINDSEY,"67,149",0.027,411,79
ESTRADA,"67,149",0.027,412,238
SANDOVAL,"67,149",0.027,413,940
GIBBS,"67,149",0.027,414,283
TYLER,"67,149",0.027,415,1000
GROSS,"67,149",0.027,416,174
FITZGERALD,"67,149",0.027,417,7
STOKES,"67,149",0.027,418,34
DOYLE,"67,149",0.027,419,811
SHERMAN,"67,149",0.027,420,743
SAUNDERS,"67,149",0.027,421,255
WISE,"67,149",0.027,422,828
COLON,"67,149",0.027,423,131
GILL,"67,149",0.027,424,343
ALVARADO,"67,149",0.027,425,830
GREER,"64,662",0.026,426,590
PADILLA,"64,662",0.026,427,777
SIMON,"64,662",0.026,428,856
WATERS,"64,662",0.026,429,703
NUNEZ,"64,662",0.026,430,970
BALLARD,"64,662",0.026,431,767
SCHWARTZ,"64,662",0.026,432,401
MCBRIDE,"64,662",0.026,433,582
HOUSTON,"64,662",0.026,434,949
CHRISTENSEN,"64,662",0.026,435,822
KLEIN,"64,662",0.026,436,913
PRATT,"64,662",0.026,437,629
BRIGGS,"64,662",0.026,438,578
PARSONS,"64,662",0.026,439,912
MCLAUGHLIN,"64,662",0.026,440,900
ZIMMERMAN,"64,662",0.026,441,942
FRENCH,"64,662",0.026,442,301
BUCHANAN,"64,662",0.026,443,924
MORAN,"64,662",0.026,444,967
COPELAND,"62,175",0.025,445,654
ROY,"62,175",0.025,446,329
PITTMAN,"62,175",0.025,447,999
BRADY,"62,175",0.025,448,413
MCCORMICK,"62,175",0.025,449,938
HOLLOWAY,"62,175",0.025,450,671
BROCK,"62,175",0.025,451,462
POOLE,"62,175",0.025,452,432
FRANK,"62,175",0.025,453,516
LOGAN,"62,175",0.025,454,744
OWEN,"62,175",0.025,455,323
BASS,"62,175",0.025,456,483
MARSH,"62,175",0.025,457,974
DRAKE,"62,175",0.025,458,913
WONG,"62,175",0.025,459,276
JEFFERSON,"62,175",0.025,460,596
PARK,"62,175",0.025,461,360
MORTON,"62,175",0.025,462,872
ABBOTT,"62,175",0.025,463,312
SPARKS,"62,175",0.025,464,184
PATRICK,"59,688",0.024,465,197
NORTON,"59,688",0.024,466,400
HUFF,"59,688",0.024,467,790
CLAYTON,"59,688",0.024,468,467
MASSEY,"59,688",0.024,469,45
LLOYD,"59,688",0.024,470,474
FIGUEROA,"59,688",0.024,471,110
CARSON,"59,688",0.024,472,874
BOWERS,"59,688",0.024,473,311
ROBERSON,"59,688",0.024,474,296
BARTON,"59,688",0.024,475,919
TRAN,"59,688",0.024,476,69
LAMB,"59,688",0.024,477,878
HARRINGTON,"59,688",0.024,478,914
CASEY,"59,688",0.024,479,515
BOONE,"59,688",0.024,480,818
CORTEZ,"59,688",0.024,481,53
CLARKE,"59,688",0.024,482,728
MATHIS,"59,688",0.024,483,135
SINGLETON,"59,688",0.024,484,725
WILKINS,"59,688",0.024,485,849
CAIN,"59,688",0.024,486,306
BRYAN,"59,688",0.024,487,431
UNDERWOOD,"59,688",0.024,488,728
HOGAN,"59,688",0.024,489,735
MCKENZIE,"57,201",0.023,490,591
COLLIER,"57,201",0.023,491,263
LUNA,"57,201",0.023,492,159
PHELPS,"57,201",0.023,493,698
MCGUIRE,"57,201",0.023,494,505
ALLISON,"57,201",0.023,495,897
BRIDGES,"57,201",0.023,496,498
WILKERSON,"57,201",0.023,497,516
NASH,"57,201",0.023,498,634
SUMMERS,"57,201",0.023,499,12
ATKINS,"57,201",0.023,500,524
WILCOX,"57,201",0.023,501,413
PITTS,"57,201",0.023,502,539
CONLEY,"57,201",0.023,503,201
MARQUEZ,"57,201",0.023,504,848
BURNETT,"57,201",0.023,505,511
RICHARD,"57,201",0.023,506,966
COCHRAN,"57,201",0.023,507,575
CHASE,"57,201",0.023,508,920
DAVENPORT,"57,201",0.023,509,667
HOOD,"57,201",0.023,510,583
GATES,"57,201",0.023,511,793
CLAY,"57,201",0.023,512,23
AYALA,"57,201",0.023,513,7
SAWYER,"57,201",0.023,514,865
ROMAN,"57,201",0.023,515,214
VAZQUEZ,"57,201",0.023,516,721
DICKERSON,"57,201",0.023,517,962
HODGE,"54,714",0.022,518,684
ACOSTA,"54,714",0.022,519,951
FLYNN,"54,714",0.022,520,883
ESPINOZA,"54,714",0.022,521,137
NICHOLSON,"54,714",0.022,522,96
MONROE,"54,714",0.022,523,821
WOLF,"54,714",0.022,524,546
MORROW,"54,714",0.022,525,904
KIRK,"54,714",0.022,526,249
RANDALL,"54,714",0.022,527,434
ANTHONY,"54,714",0.022,528,94
WHITAKER,"54,714",0.022,529,663
OCONNOR,"54,714",0.022,530,222
SKINNER,"54,714",0.022,531,600
WARE,"54,714",0.022,532,944
MOLINA,"54,714",0.022,533,937
KIRBY,"54,714",0.022,534,727
HUFFMAN,"54,714",0.022,535,38
BRADFORD,"54,714",0.022,536,122
CHARLES,"54,714",0.022,537,39
GILMORE,"54,714",0.022,538,884
DOMINGUEZ,"54,714",0.022,539,935
ONEAL,"54,714",0.022,540,741
BRUCE,"54,714",0.022,541,139
LANG,"52,227",0.021,542,526
COMBS,"52,227",0.021,543,23
KRAMER,"52,227",0.021,544,434
HEATH,"52,227",0.021,545,78
HANCOCK,"52,227",0.021,546,934
GALLAGHER,"52,227",0.021,547,461
GAINES,"52,227",0.021,548,965
SHAFFER,"52,227",0.021,549,782
SHORT,"52,227",0.021,550,374
WIGGINS,"52,227",0.021,551,638
MATHEWS,"52,227",0.021,552,456
MCCLAIN,"52,227",0.021,553,587
FISCHER,"52,227",0.021,554,697
WALL,"52,227",0.021,555,309
SMALL,"52,227",0.021,556,260
MELTON,"52,227",0.021,557,442
HENSLEY,"52,227",0.021,558,257
BOND,"52,227",0.021,559,906
DYER,"52,227",0.021,560,666
CAMERON,"52,227",0.021,561,117
GRIMES,"52,227",0.021,562,858
CONTRERAS,"52,227",0.021,563,544
CHRISTIAN,"52,227",0.021,564,363
WYATT,"52,227",0.021,565,589
BAXTER,"52,227",0.021,566,779
SNOW,"52,227",0.021,567,874
MOSLEY,"52,227",0.021,568,560
SHEPHERD,"52,227",0.021,569,506
LARSEN,"52,227",0.021,570,791
HOOVER,"52,227",0.021,571,737
BEASLEY,"49,740",0.02,572,832
GLENN,"49,740",0.02,573,317
PETERSEN,"49,740",0.02,574,496
WHITEHEAD,"49,740",0.02,575,375
MEYERS,"49,740",0.02,576,185
KEITH,"49,740",0.02,577,332
GARRISON,"49,740",0.02,578,199
VINCENT,"49,740",0.02,579,879
SHIELDS,"49,740",0.02,580,751
HORN,"49,740",0.02,581,961
SAVAGE,"49,740",0.02,582,59
OLSEN,"49,740",0.02,583,281
SCHROEDER,"49,740",0.02,584,968
HARTMAN,"49,740",0.02,585,169
WOODARD,"49,740",0.02,586,705
MUELLER,"49,740",0.02,587,943
KEMP,"49,740",0.02,588,962
DELEON,"49,740",0.02,589,705
BOOTH,"49,740",0.02,590,543
PATEL,"49,740",0.02,591,141
CALHOUN,"49,740",0.02,592,445
WILEY,"49,740",0.02,593,498
EATON,"49,740",0.02,594,284
CLINE,"49,740",0.02,595,237
NAVARRO,"49,740",0.02,596,696
HARRELL,"49,740",0.02,597,922
LESTER,"49,740",0.02,598,227
HUMPHREY,"49,740",0.02,599,44
PARRISH,"49,740",0.02,600,921
DURAN,"49,740",0.02,601,410
HUTCHINSON,"49,740",0.02,602,45
HESS,"49,740",0.02,603,19
DORSEY,"49,740",0.02,604,725
BULLOCK,"49,740",0.02,605,225
ROBLES,"49,740",0.02,606,39
BEARD,"47,253",0.019,607,847
DALTON,"47,253",0.019,608,990
AVILA,"47,253",0.019,609,973
VANCE,"47,253",0.019,610,560
RICH,"47,253",0.019,611,446
BLACKWELL,"47,253",0.019,612,320
YORK,"47,253",0.019,613,516
JOHNS,"47,253",0.019,614,692
BLANKENSHIP,"47,253",0.019,615,311
TREVINO,"47,253",0.019,616,338
SALINAS,"47,253",0.019,617,151
CAMPOS,"47,253",0.019,618,5
PRUITT,"47,253",0.019,619,363
MOSES,"47,253",0.019,620,13
CALLAHAN,"47,253",0.019,621,862
GOLDEN,"47,253",0.019,622,794
MONTOYA,"47,253",0.019,623,150
HARDIN,"47,253",0.019,624,641
GUERRA,"47,253",0.019,625,811
MCDOWELL,"47,253",0.019,626,920
CAREY,"47,253",0.019,627,472
STAFFORD,"47,253",0.019,628,273
GALLEGOS,"47,253",0.019,629,345
HENSON,"47,253",0.019,630,504
WILKINSON,"47,253",0.019,631,635
BOOKER,"47,253",0.019,632,20
MERRITT,"47,253",0.019,633,15
MIRANDA,"47,253",0.019,634,625
ATKINSON,"47,253",0.019,635,81
ORR,"47,253",0.019,636,246
DECKER,"47,253",0.019,637,704
HOBBS,"47,253",0.019,638,608
PRESTON,"47,253",0.019,639,419
TANNER,"47,253",0.019,640,307
KNOX,"47,253",0.019,641,675
PACHECO,"47,253",0.019,642,297
STEPHENSON,"44,766",0.018,643,923
GLASS,"44,766",0.018,644,382
ROJAS,"44,766",0.018,645,592
SERRANO,"44,766",0.018,646,548
MARKS,"44,766",0.018,647,949
HICKMAN,"44,766",0.018,648,827
ENGLISH,"44,766",0.018,649,817
SWEENEY,"44,766",0.018,650,349
STRONG,"44,766",0.018,651,815
PRINCE,"44,766",0.018,652,473
MCCLURE,"44,766",0.018,653,899
CONWAY,"44,766",0.018,654,682
WALTER,"44,766",0.018,655,991
ROTH,"44,766",0.018,656,135
MAYNARD,"44,766",0.018,657,864
FARRELL,"44,766",0.018,658,80
LOWERY,"44,766",0.018,659,429
HURST,"44,766",0.018,660,59
NIXON,"44,766",0.018,661,56
WEISS,"44,766",0.018,662,526
TRUJILLO,"44,766",0.018,663,861
ELLISON,"44,766",0.018,664,314
SLOAN,"44,766",0.018,665,517
JUAREZ,"44,766",0.018,666,763
WINTERS,"44,766",0.018,667,25
MCLEAN,"44,766",0.018,668,887
RANDOLPH,"44,766",0.018,669,64
LEON,"44,766",0.018,670,720
BOYER,"44,766",0.018,671,809
VILLARREAL,"44,766",0.018,672,812
MCCALL,"44,766",0.018,673,322
GENTRY,"44,766",0.018,674,286
CARRILLO,"42,279",0.017,675,874
KENT,"42,279",0.017,676,898
AYERS,"42,279",0.017,677,586
LARA,"42,279",0.017,678,237
SHANNON,"42,279",0.017,679,309
SEXTON,"42,279",0.017,680,53
PACE,"42,279",0.017,681,186
HULL,"42,279",0.017,682,550
LEBLANC,"42,279",0.017,683,895
BROWNING,"42,279",0.017,684,275
VELASQUEZ,"42,279",0.017,685,318
LEACH,"42,279",0.017,686,55
CHANG,"42,279",0.017,687,204
HOUSE,"42,279",0.017,688,523
SELLERS,"42,279",0.017,689,649
HERRING,"42,279",0.017,690,268
NOBLE,"42,279",0.017,691,494
FOLEY,"42,279",0.017,692,696
BARTLETT,"42,279",0.017,693,876
MERCADO,"42,279",0.017,694,998
LANDRY,"42,279",0.017,695,393
DURHAM,"42,279",0.017,696,958
WALLS,"42,279",0.017,697,642
BARR,"42,279",0.017,698,681
MCKEE,"42,279",0.017,699,378
BAUER,"42,279",0.017,700,289
RIVERS,"42,279",0.017,701,924
EVERETT,"42,279",0.017,702,48
BRADSHAW,"42,279",0.017,703,589
PUGH,"42,279",0.017,704,968
VELEZ,"42,279",0.017,705,903
RUSH,"42,279",0.017,706,707
ESTES,"42,279",0.017,707,375
DODSON,"42,279",0.017,708,429
MORSE,"42,279",0.017,709,488
SHEPPARD,"42,279",0.017,710,60
WEEKS,"42,279",0.017,711,210
CAMACHO,"42,279",0.017,712,142
BEAN,"42,279",0.017,713,209
BARRON,"42,279",0.017,714,839
LIVINGSTON,"42,279",0.017,715,875
MIDDLETON,"39,792",0.016,716,109
SPEARS,"39,792",0.016,717,535
BRANCH,"39,792",0.016,718,424
BLEVINS,"39,792",0.016,719,472
CHEN,"39,792",0.016,720,454
KERR,"39,792",0.016,721,911
MCCONNELL,"39,792",0.016,722,901
HATFIELD,"39,792",0.016,723,701
HARDING,"39,792",0.016,724,869
ASHLEY,"39,792",0.016,725,350
SOLIS,"39,792",0.016,726,657
HERMAN,"39,792",0.016,727,479
FROST,"39,792",0.016,728,645
GILES,"39,792",0.016,729,699
BLACKBURN,"39,792",0.016,730,630
WILLIAM,"39,792",0.016,731,960
PENNINGTON,"39,792",0.016,732,71
WOODWARD,"39,792",0.016,733,765
FINLEY,"39,792",0.016,734,898
MCINTOSH,"39,792",0.016,735,929
KOCH,"39,792",0.016,736,237
BEST,"39,792",0.016,737,890
SOLOMON,"39,792",0.016,738,907
MCCULLOUGH,"39,792",0.016,739,42
DUDLEY,"39,792",0.016,740,715
NOLAN,"39,792",0.016,741,405
BLANCHARD,"39,792",0.016,742,880
RIVAS,"39,792",0.016,743,419
BRENNAN,"39,792",0.016,744,728
MEJIA,"39,792",0.016,745,389
KANE,"39,792",0.016,746,333
BENTON,"39,792",0.016,747,658
JOYCE,"39,792",0.016,748,639
BUCKLEY,"39,792",0.016,749,993
HALEY,"39,792",0.016,750,510
VALENTINE,"39,792",0.016,751,147
MADDOX,"39,792",0.016,752,672
RUSSO,"39,792",0.016,753,989
MCKNIGHT,"39,792",0.016,754,662
BUCK,"39,792",0.016,755,518
MOON,"39,792",0.016,756,993
MCMILLAN,"39,792",0.016,757,137
CROSBY,"39,792",0.016,758,315
BERG,"39,792",0.016,759,993
DOTSON,"39,792",0.016,760,836
MAYS,"39,792",0.016,761,113
ROACH,"39,792",0.016,762,536
CHURCH,"39,792",0.016,763,789
CHAN,"39,792",0.016,764,308
RICHMOND,"39,792",0.016,765,429
MEADOWS,"39,792",0.016,766,142
FAULKNER,"39,792",0.016,767,323
ONEILL,"39,792",0.016,768,832
KNAPP,"39,792",0.016,769,30
KLINE,"37,305",0.015,770,791
BARRY,"37,305",0.015,771,559
OCHOA,"37,305",0.015,772,152
JACOBSON,"37,305",0.015,773,16
GAY,"37,305",0.015,774,956
AVERY,"37,305",0.015,775,350
HENDRICKS,"37,305",0.015,776,490
HORNE,"37,305",0.015,777,722
SHEPARD,"37,305",0.015,778,227
HEBERT,"37,305",0.015,779,146
CHERRY,"37,305",0.015,780,805
CARDENAS,"37,305",0.015,781,906
MCINTYRE,"37,305",0.015,782,86
WHITNEY,"37,305",0.015,783,656
WALLER,"37,305",0.015,784,603
HOLMAN,"37,305",0.015,785,350
DONALDSON,"37,305",0.015,786,280
CANTU,"37,305",0.015,787,802
TERRELL,"37,305",0.015,788,620
MORIN,"37,305",0.015,789,540
GILLESPIE,"37,305",0.015,790,859
FUENTES,"37,305",0.015,791,594
TILLMAN,"37,305",0.015,792,452
SANFORD,"37,305",0.015,793,691
BENTLEY,"37,305",0.015,794,503
PECK,"37,305",0.015,795,918
KEY,"37,305",0.015,796,333
SALAS,"37,305",0.015,797,821
ROLLINS,"37,305",0.015,798,326
GAMBLE,"37,305",0.015,799,959
DICKSON,"37,305",0.015,800,26
BATTLE,"37,305",0.015,801,432
SANTANA,"37,305",0.015,802,876
CABRERA,"37,305",0.015,803,907
CERVANTES,"37,305",0.015,804,592
HOWE,"37,305",0.015,805,579
HINTON,"37,305",0.015,806,112
HURLEY,"37,305",0.015,807,700
SPENCE,"37,305",0.015,808,341
ZAMORA,"37,305",0.015,809,122
YANG,"37,305",0.015,810,818
MCNEIL,"37,305",0.015,811,701
SUAREZ,"37,305",0.015,812,73
CASE,"37,305",0.015,813,403
PETTY,"37,305",0.015,814,201
GOULD,"37,305",0.015,815,618
MCFARLAND,"37,305",0.015,816,880
SAMPSON,"37,305",0.015,817,682
CARVER,"37,305",0.015,818,897
BRAY,"37,305",0.015,819,156
ROSARIO,"37,305",0.015,820,994
MACDONALD,"37,305",0.015,821,663
STOUT,"37,305",0.015,822,429
HESTER,"37,305",0.015,823,32
MELENDEZ,"37,305",0.015,824,545
DILLON,"37,305",0.015,825,903
FARLEY,"37,305",0.015,826,422
HOPPER,"37,305",0.015,827,408
GALLOWAY,"37,305",0.015,828,312
POTTS,"37,305",0.015,829,478
BERNARD,"37,305",0.015,830,925
JOYNER,"34,818",0.014,831,341
STEIN,"34,818",0.014,832,880
AGUIRRE,"34,818",0.014,833,687
OSBORN,"34,818",0.014,834,534
MERCER,"34,818",0.014,835,41
BENDER,"34,818",0.014,836,1
FRANCO,"34,818",0.014,837,603
ROWLAND,"34,818",0.014,838,361
SYKES,"34,818",0.014,839,213
BENJAMIN,"34,818",0.014,840,591
TRAVIS,"34,818",0.014,841,889
PICKETT,"34,818",0.014,842,186
CRANE,"34,818",0.014,843,875
SEARS,"34,818",0.014,844,489
MAYO,"34,818",0.014,845,929
DUNLAP,"34,818",0.014,846,858
HAYDEN,"34,818",0.014,847,317
WILDER,"34,818",0.014,848,980
MCKAY,"34,818",0.014,849,737
COFFEY,"34,818",0.014,850,357
MCCARTY,"34,818",0.014,851,968
EWING,"34,818",0.014,852,63
COOLEY,"34,818",0.014,853,101
VAUGHAN,"34,818",0.014,854,791
BONNER,"34,818",0.014,855,123
COTTON,"34,818",0.014,856,521
HOLDER,"34,818",0.014,857,827
STARK,"34,818",0.014,858,715
FERRELL,"34,818",0.014,859,716
CANTRELL,"34,818",0.014,860,481
FULTON,"34,818",0.014,861,1
LYNN,"34,818",0.014,862,331
LOTT,"34,818",0.014,863,367
CALDERON,"34,818",0.014,864,640
ROSA,"34,818",0.014,865,147
POLLARD,"34,818",0.014,866,589
HOOPER,"34,818",0.014,867,78
BURCH,"34,818",0.014,868,146
MULLEN,"34,818",0.014,869,6
FRY,"34,818",0.014,870,760
RIDDLE,"34,818",0.014,871,377
LEVY,"34,818",0.014,872,764
DAVID,"34,818",0.014,873,583
DUKE,"34,818",0.014,874,448
ODONNELL,"34,818",0.014,875,90
GUY,"34,818",0.014,876,79
MICHAEL,"34,818",0.014,877,999
BRITT,"34,818",0.014,878,210
FREDERICK,"34,818",0.014,879,339
DAUGHERTY,"34,818",0.014,880,67
BERGER,"34,818",0.014,881,233
DILLARD,"34,818",0.014,882,781
ALSTON,"34,818",0.014,883,262
JARVIS,"34,818",0.014,884,875
FRYE,"34,818",0.014,885,27
RIGGS,"34,818",0.014,886,836
CHANEY,"34,818",0.014,887,82
ODOM,"32,331",0.013,888,968
DUFFY,"32,331",0.013,889,843
FITZPATRICK,"32,331",0.013,890,724
VALENZUELA,"32,331",0.013,891,932
MERRILL,"32,331",0.013,892,709
MAYER,"32,331",0.013,893,795
ALFORD,"32,331",0.013,894,685
MCPHERSON,"32,331",0.013,895,954
ACEVEDO,"32,331",0.013,896,590
DONOVAN,"32,331",0.013,897,57
BARRERA,"32,331",0.013,898,63
ALBERT,"32,331",0.013,899,334
COTE,"32,331",0.013,900,550
REILLY,"32,331",0.013,901,987
COMPTON,"32,331",0.013,902,330
RAYMOND,"32,331",0.013,903,428
MOONEY,"32,331",0.013,904,834
MCGOWAN,"32,331",0.013,905,42
CRAFT,"32,331",0.013,906,924
CLEVELAND,"32,331",0.013,907,575
CLEMONS,"32,331",0.013,908,788
WYNN,"32,331",0.013,909,419
NIELSEN,"32,331",0.013,910,344
BAIRD,"32,331",0.013,911,324
STANTON,"32,331",0.013,912,313
SNIDER,"32,331",0.013,913,50
ROSALES,"32,331",0.013,914,409
BRIGHT,"32,331",0.013,915,137
WITT,"32,331",0.013,916,299
STUART,"32,331",0.013,917,74
HAYS,"32,331",0.013,918,967
HOLDEN,"32,331",0.013,919,148
RUTLEDGE,"32,331",0.013,920,739
KINNEY,"32,331",0.013,921,731
CLEMENTS,"32,331",0.013,922,627
CASTANEDA,"32,331",0.013,923,389
SLATER,"32,331",0.013,924,625
HAHN,"32,331",0.013,925,486
EMERSON,"32,331",0.013,926,95
CONRAD,"32,331",0.013,927,931
BURKS,"32,331",0.013,928,613
DELANEY,"32,331",0.013,929,484
PATE,"32,331",0.013,930,158
LANCASTER,"32,331",0.013,931,354
SWEET,"32,331",0.013,932,315
JUSTICE,"32,331",0.013,933,917
TYSON,"32,331",0.013,934,363
SHARPE,"32,331",0.013,935,970
WHITFIELD,"32,331",0.013,936,708
TALLEY,"32,331",0.013,937,181
MACIAS,"32,331",0.013,938,394
IRWIN,"32,331",0.013,939,668
BURRIS,"32,331",0.013,940,355
RATLIFF,"32,331",0.013,941,424
MCCRAY,"32,331",0.013,942,198
MADDEN,"32,331",0.013,943,787
KAUFMAN,"32,331",0.013,944,23
BEACH,"32,331",0.013,945,735
GOFF,"32,331",0.013,946,266
CASH,"32,331",0.013,947,760
BOLTON,"32,331",0.013,948,287
MCFADDEN,"32,331",0.013,949,954
LEVINE,"32,331",0.013,950,149
GOOD,"32,331",0.013,951,50
BYERS,"32,331",0.013,952,414
KIRKLAND,"32,331",0.013,953,659
KIDD,"32,331",0.013,954,698
WORKMAN,"32,331",0.013,955,343
CARNEY,"32,331",0.013,956,113
DALE,"32,331",0.013,957,507
MCLEOD,"32,331",0.013,958,962
HOLCOMB,"32,331",0.013,959,149
ENGLAND,"32,331",0.013,960,99
FINCH,"32,331",0.013,961,951
HEAD,"29,844",0.012,962,76
BURT,"29,844",0.012,963,813
HENDRIX,"29,844",0.012,964,587
SOSA,"29,844",0.012,965,90
HANEY,"29,844",0.012,966,788
FRANKS,"29,844",0.012,967,425
SARGENT,"29,844",0.012,968,878
NIEVES,"29,844",0.012,969,956
DOWNS,"29,844",0.012,970,518
RASMUSSEN,"29,844",0.012,971,103
BIRD,"29,844",0.012,972,339
HEWITT,"29,844",0.012,973,288
LINDSAY,"29,844",0.012,974,685
LE,"29,844",0.012,975,914
FOREMAN,"29,844",0.012,976,575
VALENCIA,"29,844",0.012,977,571
ONEIL,"29,844",0.012,978,40
DELACRUZ,"29,844",0.012,979,456
VINSON,"29,844",0.012,980,463
DEJESUS,"29,844",0.012,981,598
HYDE,"29,844",0.012,982,328
FORBES,"29,844",0.012,983,925
GILLIAM,"29,844",0.012,984,546
GUTHRIE,"29,844",0.012,985,487
WOOTEN,"29,844",0.012,986,691
HUBER,"29,844",0.012,987,660
BARLOW,"29,844",0.012,988,983
BOYLE,"29,844",0.012,989,132
MCMAHON,"29,844",0.012,990,219
BUCKNER,"29,844",0.012,991,186
ROCHA,"29,844",0.012,992,663
PUCKETT,"29,844",0.012,993,418
LANGLEY,"29,844",0.012,994,774
KNOWLES,"29,844",0.012,995,616
COOKE,"29,844",0.012,996,805
VELAZQUEZ,"29,844",0.012,997,257
WHITLEY,"29,844",0.012,998,606
NOEL,"29,844",0.012,999,868
VANG,"29,844",0.012,1000,922
